X,Delta_g
-3000,0.00102464
-2996.67,0.00102669
-2993.33,0.00102876
-2990,0.00103082
-2986.66,0.0010329
-2983.33,0.00103497
-2979.99,0.00103706
-2976.66,0.00103915
-2973.32,0.00104124
-2969.99,0.00104334
-2966.66,0.00104545
-2963.32,0.00104756
-2959.99,0.00104968
-2956.65,0.0010518
-2953.32,0.00105393
-2949.98,0.00105606
-2946.65,0.00105821
-2943.31,0.00106035
-2939.98,0.0010625
-2936.65,0.00106466
-2933.31,0.00106683
-2929.98,0.001069
-2926.64,0.00107117
-2923.31,0.00107336
-2919.97,0.00107554
-2916.64,0.00107774
-2913.3,0.00107994
-2909.97,0.00108214
-2906.64,0.00108435
-2903.3,0.00108657
-2899.97,0.0010888
-2896.63,0.00109103
-2893.3,0.00109326
-2889.96,0.00109551
-2886.63,0.00109775
-2883.29,0.00110001
-2879.96,0.00110227
-2876.63,0.00110454
-2873.29,0.00110681
-2869.96,0.00110909
-2866.62,0.00111138
-2863.29,0.00111367
-2859.95,0.00111597
-2856.62,0.00111827
-2853.28,0.00112059
-2849.95,0.0011229
-2846.62,0.00112523
-2843.28,0.00112756
-2839.95,0.0011299
-2836.61,0.00113224
-2833.28,0.00113459
-2829.94,0.00113695
-2826.61,0.00113931
-2823.27,0.00114168
-2819.94,0.00114406
-2816.61,0.00114644
-2813.27,0.00114883
-2809.94,0.00115123
-2806.6,0.00115363
-2803.27,0.00115604
-2799.93,0.00115846
-2796.6,0.00116088
-2793.26,0.00116331
-2789.93,0.00116575
-2786.6,0.00116819
-2783.26,0.00117064
-2779.93,0.0011731
-2776.59,0.00117557
-2773.26,0.00117804
-2769.92,0.00118052
-2766.59,0.001183
-2763.25,0.0011855
-2759.92,0.001188
-2756.59,0.0011905
-2753.25,0.00119302
-2749.92,0.00119554
-2746.58,0.00119807
-2743.25,0.0012006
-2739.91,0.00120314
-2736.58,0.00120569
-2733.24,0.00120825
-2729.91,0.00121082
-2726.58,0.00121339
-2723.24,0.00121597
-2719.91,0.00121855
-2716.57,0.00122115
-2713.24,0.00122375
-2709.9,0.00122636
-2706.57,0.00122897
-2703.23,0.0012316
-2699.9,0.00123423
-2696.57,0.00123687
-2693.23,0.00123951
-2689.9,0.00124217
-2686.56,0.00124483
-2683.23,0.0012475
-2679.89,0.00125017
-2676.56,0.00125286
-2673.22,0.00125555
-2669.89,0.00125825
-2666.56,0.00126096
-2663.22,0.00126367
-2659.89,0.0012664
-2656.55,0.00126913
-2653.22,0.00127187
-2649.88,0.00127461
-2646.55,0.00127737
-2643.21,0.00128013
-2639.88,0.0012829
-2636.55,0.00128568
-2633.21,0.00128847
-2629.88,0.00129126
-2626.54,0.00129407
-2623.21,0.00129688
-2619.87,0.0012997
-2616.54,0.00130252
-2613.2,0.00130536
-2609.87,0.00130821
-2606.54,0.00131106
-2603.2,0.00131392
-2599.87,0.00131679
-2596.53,0.00131967
-2593.2,0.00132255
-2589.86,0.00132545
-2586.53,0.00132835
-2583.19,0.00133126
-2579.86,0.00133418
-2576.53,0.00133711
-2573.19,0.00134005
-2569.86,0.00134299
-2566.52,0.00134595
-2563.19,0.00134891
-2559.85,0.00135189
-2556.52,0.00135487
-2553.18,0.00135786
-2549.85,0.00136086
-2546.52,0.00136386
-2543.18,0.00136688
-2539.85,0.0013699
-2536.51,0.00137294
-2533.18,0.00137598
-2529.84,0.00137904
-2526.51,0.0013821
-2523.17,0.00138517
-2519.84,0.00138825
-2516.51,0.00139134
-2513.17,0.00139443
-2509.84,0.00139754
-2506.5,0.00140066
-2503.17,0.00140379
-2499.83,0.00140692
-2496.5,0.00141007
-2493.16,0.00141322
-2489.83,0.00141638
-2486.5,0.00141956
-2483.16,0.00142274
-2479.83,0.00142593
-2476.49,0.00142913
-2473.16,0.00143235
-2469.82,0.00143557
-2466.49,0.0014388
-2463.15,0.00144204
-2459.82,0.00144529
-2456.49,0.00144855
-2453.15,0.00145182
-2449.82,0.0014551
-2446.48,0.00145839
-2443.15,0.00146169
-2439.81,0.001465
-2436.48,0.00146832
-2433.14,0.00147165
-2429.81,0.00147499
-2426.48,0.00147834
-2423.14,0.0014817
-2419.81,0.00148507
-2416.47,0.00148845
-2413.14,0.00149184
-2409.8,0.00149524
-2406.47,0.00149866
-2403.13,0.00150208
-2399.8,0.00150551
-2396.47,0.00150896
-2393.13,0.00151241
-2389.8,0.00151587
-2386.46,0.00151935
-2383.13,0.00152284
-2379.79,0.00152633
-2376.46,0.00152984
-2373.12,0.00153336
-2369.79,0.00153689
-2366.46,0.00154043
-2363.12,0.00154398
-2359.79,0.00154754
-2356.45,0.00155111
-2353.12,0.0015547
-2349.78,0.00155829
-2346.45,0.0015619
-2343.11,0.00156552
-2339.78,0.00156914
-2336.45,0.00157278
-2333.11,0.00157644
-2329.78,0.0015801
-2326.44,0.00158377
-2323.11,0.00158746
-2319.77,0.00159115
-2316.44,0.00159486
-2313.1,0.00159858
-2309.77,0.00160231
-2306.44,0.00160606
-2303.1,0.00160981
-2299.77,0.00161358
-2296.43,0.00161736
-2293.1,0.00162115
-2289.76,0.00162495
-2286.43,0.00162876
-2283.09,0.00163259
-2279.76,0.00163643
-2276.43,0.00164028
-2273.09,0.00164414
-2269.76,0.00164801
-2266.42,0.0016519
-2263.09,0.0016558
-2259.75,0.00165971
-2256.42,0.00166364
-2253.08,0.00166757
-2249.75,0.00167152
-2246.42,0.00167548
-2243.08,0.00167946
-2239.75,0.00168344
-2236.41,0.00168744
-2233.08,0.00169145
-2229.74,0.00169548
-2226.41,0.00169951
-2223.07,0.00170356
-2219.74,0.00170763
-2216.41,0.0017117
-2213.07,0.00171579
-2209.74,0.0017199
-2206.4,0.00172401
-2203.07,0.00172814
-2199.73,0.00173228
-2196.4,0.00173644
-2193.06,0.0017406
-2189.73,0.00174479
-2186.4,0.00174898
-2183.06,0.00175319
-2179.73,0.00175741
-2176.39,0.00176165
-2173.06,0.0017659
-2169.72,0.00177016
-2166.39,0.00177444
-2163.05,0.00177873
-2159.72,0.00178303
-2156.39,0.00178735
-2153.05,0.00179168
-2149.72,0.00179603
-2146.38,0.00180039
-2143.05,0.00180477
-2139.71,0.00180916
-2136.38,0.00181356
-2133.04,0.00181798
-2129.71,0.00182241
-2126.38,0.00182686
-2123.04,0.00183132
-2119.71,0.00183579
-2116.37,0.00184028
-2113.04,0.00184479
-2109.7,0.00184931
-2106.37,0.00185384
-2103.03,0.00185839
-2099.7,0.00186296
-2096.37,0.00186754
-2093.03,0.00187213
-2089.7,0.00187674
-2086.36,0.00188137
-2083.03,0.00188601
-2079.69,0.00189066
-2076.36,0.00189533
-2073.02,0.00190002
-2069.69,0.00190472
-2066.36,0.00190944
-2063.02,0.00191417
-2059.69,0.00191892
-2056.35,0.00192368
-2053.02,0.00192846
-2049.68,0.00193326
-2046.35,0.00193807
-2043.01,0.0019429
-2039.68,0.00194774
-2036.35,0.0019526
-2033.01,0.00195748
-2029.68,0.00196237
-2026.34,0.00196728
-2023.01,0.0019722
-2019.67,0.00197715
-2016.34,0.0019821
-2013,0.00198708
-2009.67,0.00199207
-2006.34,0.00199708
-2003,0.00200211
-1999.67,0.00200715
-1996.33,0.00201221
-1993,0.00201728
-1989.66,0.00202238
-1986.33,0.00202749
-1982.99,0.00203261
-1979.66,0.00203776
-1976.33,0.00204292
-1972.99,0.0020481
-1969.66,0.0020533
-1966.32,0.00205851
-1962.99,0.00206375
-1959.65,0.002069
-1956.32,0.00207427
-1952.98,0.00207955
-1949.65,0.00208486
-1946.32,0.00209018
-1942.98,0.00209552
-1939.65,0.00210088
-1936.31,0.00210626
-1932.98,0.00211165
-1929.64,0.00211706
-1926.31,0.0021225
-1922.97,0.00212795
-1919.64,0.00213342
-1916.31,0.00213891
-1912.97,0.00214441
-1909.64,0.00214994
-1906.3,0.00215549
-1902.97,0.00216105
-1899.63,0.00216663
-1896.3,0.00217224
-1892.96,0.00217786
-1889.63,0.0021835
-1886.3,0.00218916
-1882.96,0.00219484
-1879.63,0.00220054
-1876.29,0.00220626
-1872.96,0.002212
-1869.62,0.00221776
-1866.29,0.00222354
-1862.95,0.00222934
-1859.62,0.00223516
-1856.29,0.002241
-1852.95,0.00224686
-1849.62,0.00225274
-1846.28,0.00225865
-1842.95,0.00226457
-1839.61,0.00227051
-1836.28,0.00227648
-1832.94,0.00228246
-1829.61,0.00228847
-1826.28,0.00229449
-1822.94,0.00230054
-1819.61,0.00230661
-1816.27,0.0023127
-1812.94,0.00231881
-1809.6,0.00232495
-1806.27,0.0023311
-1802.93,0.00233728
-1799.6,0.00234348
-1796.27,0.0023497
-1792.93,0.00235594
-1789.6,0.00236221
-1786.26,0.00236849
-1782.93,0.0023748
-1779.59,0.00238113
-1776.26,0.00238749
-1772.92,0.00239387
-1769.59,0.00240027
-1766.26,0.00240669
-1762.92,0.00241313
-1759.59,0.0024196
-1756.25,0.00242609
-1752.92,0.00243261
-1749.58,0.00243914
-1746.25,0.00244571
-1742.91,0.00245229
-1739.58,0.0024589
-1736.25,0.00246553
-1732.91,0.00247219
-1729.58,0.00247887
-1726.24,0.00248557
-1722.91,0.0024923
-1719.57,0.00249905
-1716.24,0.00250583
-1712.9,0.00251263
-1709.57,0.00251946
-1706.24,0.00252631
-1702.9,0.00253318
-1699.57,0.00254008
-1696.23,0.00254701
-1692.9,0.00255396
-1689.56,0.00256093
-1686.23,0.00256793
-1682.89,0.00257496
-1679.56,0.00258201
-1676.23,0.00258909
-1672.89,0.00259619
-1669.56,0.00260332
-1666.22,0.00261048
-1662.89,0.00261766
-1659.55,0.00262487
-1656.22,0.0026321
-1652.88,0.00263936
-1649.55,0.00264665
-1646.22,0.00265396
-1642.88,0.00266131
-1639.55,0.00266867
-1636.21,0.00267607
-1632.88,0.00268349
-1629.54,0.00269094
-1626.21,0.00269842
-1622.87,0.00270592
-1619.54,0.00271346
-1616.21,0.00272102
-1612.87,0.00272861
-1609.54,0.00273622
-1606.2,0.00274387
-1602.87,0.00275154
-1599.53,0.00275924
-1596.2,0.00276697
-1592.86,0.00277473
-1589.53,0.00278252
-1586.2,0.00279034
-1582.86,0.00279818
-1579.53,0.00280606
-1576.19,0.00281397
-1572.86,0.0028219
-1569.52,0.00282986
-1566.19,0.00283786
-1562.85,0.00284588
-1559.52,0.00285394
-1556.19,0.00286202
-1552.85,0.00287014
-1549.52,0.00287828
-1546.18,0.00288646
-1542.85,0.00289467
-1539.51,0.00290291
-1536.18,0.00291117
-1532.84,0.00291948
-1529.51,0.00292781
-1526.18,0.00293617
-1522.84,0.00294457
-1519.51,0.00295299
-1516.17,0.00296145
-1512.84,0.00296994
-1509.5,0.00297847
-1506.17,0.00298702
-1502.83,0.00299561
-1499.5,0.00300423
-1496.17,0.00301289
-1492.83,0.00302157
-1489.5,0.00303029
-1486.16,0.00303905
-1482.83,0.00304784
-1479.49,0.00305666
-1476.16,0.00306551
-1472.82,0.0030744
-1469.49,0.00308332
-1466.16,0.00309228
-1462.82,0.00310127
-1459.49,0.0031103
-1456.15,0.00311936
-1452.82,0.00312846
-1449.48,0.00313759
-1446.15,0.00314675
-1442.81,0.00315596
-1439.48,0.00316519
-1436.15,0.00317447
-1432.81,0.00318378
-1429.48,0.00319312
-1426.14,0.00320251
-1422.81,0.00321192
-1419.47,0.00322138
-1416.14,0.00323087
-1412.8,0.0032404
-1409.47,0.00324997
-1406.14,0.00325957
-1402.8,0.00326921
-1399.47,0.00327889
-1396.13,0.00328861
-1392.8,0.00329836
-1389.46,0.00330815
-1386.13,0.00331798
-1382.79,0.00332785
-1379.46,0.00333776
-1376.13,0.00334771
-1372.79,0.0033577
-1369.46,0.00336772
-1366.12,0.00337779
-1362.79,0.0033879
-1359.45,0.00339804
-1356.12,0.00340823
-1352.78,0.00341845
-1349.45,0.00342872
-1346.12,0.00343903
-1342.78,0.00344938
-1339.45,0.00345977
-1336.11,0.0034702
-1332.78,0.00348067
-1329.44,0.00349118
-1326.11,0.00350174
-1322.77,0.00351234
-1319.44,0.00352298
-1316.11,0.00353366
-1312.77,0.00354438
-1309.44,0.00355515
-1306.1,0.00356597
-1302.77,0.00357682
-1299.43,0.00358772
-1296.1,0.00359866
-1292.76,0.00360965
-1289.43,0.00362068
-1286.1,0.00363175
-1282.76,0.00364287
-1279.43,0.00365404
-1276.09,0.00366525
-1272.76,0.0036765
-1269.42,0.0036878
-1266.09,0.00369915
-1262.75,0.00371054
-1259.42,0.00372198
-1256.09,0.00373346
-1252.75,0.003745
-1249.42,0.00375657
-1246.08,0.0037682
-1242.75,0.00377987
-1239.41,0.00379159
-1236.08,0.00380336
-1232.74,0.00381518
-1229.41,0.00382704
-1226.08,0.00383895
-1222.74,0.00385092
-1219.41,0.00386293
-1216.07,0.00387499
-1212.74,0.0038871
-1209.4,0.00389926
-1206.07,0.00391147
-1202.73,0.00392373
-1199.4,0.00393604
-1196.07,0.0039484
-1192.73,0.00396081
-1189.4,0.00397327
-1186.06,0.00398579
-1182.73,0.00399835
-1179.39,0.00401097
-1176.06,0.00402364
-1172.72,0.00403636
-1169.39,0.00404914
-1166.06,0.00406197
-1162.72,0.00407485
-1159.39,0.00408779
-1156.05,0.00410078
-1152.72,0.00411382
-1149.38,0.00412692
-1146.05,0.00414007
-1142.71,0.00415328
-1139.38,0.00416654
-1136.05,0.00417986
-1132.71,0.00419323
-1129.38,0.00420666
-1126.04,0.00422015
-1122.71,0.00423369
-1119.37,0.0042473
-1116.04,0.00426095
-1112.7,0.00427467
-1109.37,0.00428844
-1106.04,0.00430227
-1102.7,0.00431616
-1099.37,0.00433011
-1096.03,0.00434411
-1092.7,0.00435818
-1089.36,0.00437231
-1086.03,0.00438649
-1082.69,0.00440074
-1079.36,0.00441504
-1076.03,0.00442941
-1072.69,0.00444384
-1069.36,0.00445833
-1066.02,0.00447288
-1062.69,0.00448749
-1059.35,0.00450217
-1056.02,0.0045169
-1052.68,0.0045317
-1049.35,0.00454657
-1046.02,0.0045615
-1042.68,0.00457649
-1039.35,0.00459154
-1036.01,0.00460666
-1032.68,0.00462185
-1029.34,0.0046371
-1026.01,0.00465242
-1022.67,0.0046678
-1019.34,0.00468325
-1016.01,0.00469876
-1012.67,0.00471434
-1009.34,0.00472999
-1006,0.00474571
-1002.67,0.00476149
-999.333,0.00477735
-995.999,0.00479327
-992.664,0.00480926
-989.33,0.00482532
-985.995,0.00484145
-982.661,0.00485765
-979.326,0.00487392
-975.992,0.00489026
-972.658,0.00490667
-969.323,0.00492316
-965.989,0.00493971
-962.654,0.00495634
-959.32,0.00497304
-955.985,0.00498982
-952.651,0.00500666
-949.316,0.00502358
-945.982,0.00504058
-942.648,0.00505765
-939.313,0.00507479
-935.979,0.00509201
-932.644,0.00510931
-929.31,0.00512668
-925.975,0.00514413
-922.641,0.00516166
-919.306,0.00517926
-915.972,0.00519694
-912.638,0.0052147
-909.303,0.00523253
-905.969,0.00525045
-902.634,0.00526844
-899.3,0.00528652
-895.965,0.00530467
-892.631,0.00532291
-889.296,0.00534123
-885.962,0.00535962
-882.628,0.0053781
-879.293,0.00539667
-875.959,0.00541531
-872.624,0.00543404
-869.29,0.00545285
-865.955,0.00547174
-862.621,0.00549072
-859.286,0.00550979
-855.952,0.00552894
-852.618,0.00554817
-849.283,0.0055675
-845.949,0.00558691
-842.614,0.0056064
-839.28,0.00562598
-835.945,0.00564566
-832.611,0.00566542
-829.276,0.00568526
-825.942,0.0057052
-822.608,0.00572523
-819.273,0.00574535
-815.939,0.00576556
-812.604,0.00578586
-809.27,0.00580625
-805.935,0.00582673
-802.601,0.00584731
-799.266,0.00586798
-795.932,0.00588875
-792.598,0.0059096
-789.263,0.00593056
-785.929,0.00595161
-782.594,0.00597275
-779.26,0.00599399
-775.925,0.00601533
-772.591,0.00603676
-769.256,0.00605829
-765.922,0.00607992
-762.588,0.00610165
-759.253,0.00612348
-755.919,0.00614541
-752.584,0.00616744
-749.25,0.00618956
-745.915,0.00621179
-742.581,0.00623413
-739.246,0.00625656
-735.912,0.0062791
-732.578,0.00630174
-729.243,0.00632449
-725.909,0.00634734
-722.574,0.00637029
-719.24,0.00639335
-715.905,0.00641652
-712.571,0.00643979
-709.236,0.00646317
-705.902,0.00648666
-702.568,0.00651026
-699.233,0.00653397
-695.899,0.00655778
-692.564,0.00658171
-689.23,0.00660575
-685.895,0.0066299
-682.561,0.00665416
-679.226,0.00667853
-675.892,0.00670302
-672.558,0.00672762
-669.223,0.00675233
-665.889,0.00677716
-662.554,0.00680211
-659.22,0.00682717
-655.885,0.00685235
-652.551,0.00687764
-649.216,0.00690306
-645.882,0.00692859
-642.548,0.00695424
-639.213,0.00698001
-635.879,0.0070059
-632.544,0.00703191
-629.21,0.00705805
-625.875,0.00708431
-622.541,0.00711069
-619.206,0.00713719
-615.872,0.00716382
-612.538,0.00719057
-609.203,0.00721745
-605.869,0.00724446
-602.534,0.00727159
-599.2,0.00729885
-595.865,0.00732624
-592.531,0.00735375
-589.196,0.0073814
-585.862,0.00740918
-582.528,0.00743709
-579.193,0.00746513
-575.859,0.0074933
-572.524,0.0075216
-569.19,0.00755004
-565.855,0.00757862
-562.521,0.00760732
-559.186,0.00763617
-555.852,0.00766515
-552.518,0.00769427
-549.183,0.00772353
-545.849,0.00775292
-542.514,0.00778246
-539.18,0.00781213
-535.845,0.00784195
-532.511,0.0078719
-529.176,0.007902
-525.842,0.00793225
-522.508,0.00796263
-519.173,0.00799316
-515.839,0.00802384
-512.504,0.00805466
-509.17,0.00808563
-505.835,0.00811675
-502.501,0.00814801
-499.166,0.00817943
-495.832,0.00821099
-492.497,0.00824271
-489.163,0.00827458
-485.829,0.00830659
-482.494,0.00833877
-479.16,0.00837109
-475.825,0.00840357
-472.491,0.00843621
-469.156,0.008469
-465.822,0.00850195
-462.487,0.00853505
-459.153,0.00856832
-455.819,0.00860174
-452.484,0.00863533
-449.15,0.00866907
-445.815,0.00870298
-442.481,0.00873705
-439.146,0.00877129
-435.812,0.00880568
-432.477,0.00884025
-429.143,0.00887498
-425.809,0.00890987
-422.474,0.00894494
-419.14,0.00898017
-415.805,0.00901557
-412.471,0.00905114
-409.136,0.00908688
-405.802,0.0091228
-402.467,0.00915889
-399.133,0.00919515
-395.799,0.00923158
-392.464,0.00926819
-389.13,0.00930498
-385.795,0.00934195
-382.461,0.00937909
-379.126,0.00941641
-375.792,0.00945391
-372.457,0.00949159
-369.123,0.00952946
-365.789,0.0095675
-362.454,0.00960573
-359.12,0.00964415
-355.785,0.00968275
-352.451,0.00972153
-349.116,0.0097605
-345.782,0.00979966
-342.447,0.00983901
-339.113,0.00987855
-335.779,0.00991828
-332.444,0.0099582
-329.11,0.00999832
-325.775,0.0100386
-322.441,0.0100791
-319.106,0.0101198
-315.772,0.0101607
-312.437,0.0102018
-309.103,0.0102431
-305.769,0.0102846
-302.434,0.0103263
-299.1,0.0103682
-295.765,0.0104103
-292.431,0.0104525
-289.096,0.010495
-285.762,0.0105377
-282.427,0.0105807
-279.093,0.0106238
-275.759,0.0106671
-272.424,0.0107106
-269.09,0.0107544
-265.755,0.0107983
-262.421,0.0108425
-259.086,0.0108869
-255.752,0.0109315
-252.417,0.0109763
-249.083,0.0110213
-245.749,0.0110665
-242.414,0.011112
-239.08,0.0111577
-235.745,0.0112035
-232.411,0.0112497
-229.076,0.011296
-225.742,0.0113426
-222.407,0.0113893
-219.073,0.0114363
-215.739,0.0114836
-212.404,0.011531
-209.07,0.0115787
-205.735,0.0116266
-202.401,0.0116748
-199.066,0.0117232
-195.732,0.0117718
-192.397,0.0118206
-189.063,0.0118697
-185.729,0.011919
-182.394,0.0119685
-179.06,0.0120183
-175.725,0.0120683
-172.391,0.0121186
-169.056,0.0121691
-165.722,0.0122198
-162.387,0.0122708
-159.053,0.0123221
-155.719,0.0123735
-152.384,0.0124252
-149.05,0.0124772
-145.715,0.0125294
-142.381,0.0125819
-139.046,0.0126346
-135.712,0.0126875
-132.377,0.0127407
-129.043,0.0127942
-125.709,0.0128479
-122.374,0.0129018
-119.04,0.0129561
-115.705,0.0130105
-112.371,0.0130653
-109.036,0.0131203
-105.702,0.0131755
-102.367,0.013231
-99.033,0.0132868
-95.6986,0.0133428
-92.3641,0.0133991
-89.0297,0.0134557
-85.6952,0.0135125
-82.3608,0.0135696
-79.0263,0.013627
-75.6919,0.0136846
-72.3575,0.0137425
-69.023,0.0138007
-65.6886,0.0138591
-62.3541,0.0139178
-59.0197,0.0139768
-55.6852,0.0140361
-52.3508,0.0140956
-49.0163,0.0141554
-45.6819,0.0142155
-42.3474,0.0142758
-39.013,0.0143365
-35.6786,0.0143974
-32.3441,0.0144586
-29.0097,0.0145201
-25.6752,0.0145819
-22.3408,0.0146439
-19.0063,0.0147063
-15.6719,0.0147689
-12.3374,0.0148318
-9.003,0.014895
-5.66856,0.0149585
-2.33411,0.0150223
1.00033,0.0150863
4.33478,0.0151507
7.66922,0.0152153
11.0037,0.0152803
14.3381,0.0153455
17.6726,0.015411
21.007,0.0154769
24.3414,0.015543
27.6759,0.0156094
31.0103,0.0156761
34.3448,0.0157431
37.6792,0.0158105
41.0137,0.0158781
44.3481,0.015946
47.6826,0.0160142
51.017,0.0160827
54.3515,0.0161516
57.6859,0.0162207
61.0203,0.0162901
64.3548,0.0163599
67.6892,0.0164299
71.0237,0.0165003
74.3581,0.016571
77.6926,0.0166419
81.027,0.0167132
84.3615,0.0167848
87.6959,0.0168567
91.0303,0.0169289
94.3648,0.0170015
97.6992,0.0170743
101.034,0.0171475
104.368,0.0172209
107.703,0.0172947
111.037,0.0173688
114.371,0.0174433
117.706,0.017518
121.04,0.0175931
124.375,0.0176684
127.709,0.0177441
131.044,0.0178201
134.378,0.0178965
137.713,0.0179731
141.047,0.0180501
144.381,0.0181274
147.716,0.018205
151.05,0.0182829
154.385,0.0183612
157.719,0.0184398
161.054,0.0185187
164.388,0.0185979
167.723,0.0186775
171.057,0.0187574
174.391,0.0188376
177.726,0.0189181
181.06,0.018999
184.395,0.0190802
187.729,0.0191617
191.064,0.0192435
194.398,0.0193257
197.733,0.0194082
201.067,0.019491
204.401,0.0195741
207.736,0.0196576
211.07,0.0197414
214.405,0.0198256
217.739,0.01991
221.074,0.0199948
224.408,0.0200799
227.743,0.0201654
231.077,0.0202511
234.411,0.0203372
237.746,0.0204237
241.08,0.0205104
244.415,0.0205975
247.749,0.020685
251.084,0.0207727
254.418,0.0208608
257.753,0.0209492
261.087,0.0210379
264.421,0.021127
267.756,0.0212164
271.09,0.0213061
274.425,0.0213961
277.759,0.0214865
281.094,0.0215772
284.428,0.0216682
287.763,0.0217596
291.097,0.0218512
294.431,0.0219432
297.766,0.0220356
301.1,0.0221282
304.435,0.0222212
307.769,0.0223145
311.104,0.0224081
314.438,0.0225021
317.773,0.0225963
321.107,0.0226909
324.441,0.0227858
327.776,0.0228811
331.11,0.0229766
334.445,0.0230725
337.779,0.0231687
341.114,0.0232652
344.448,0.023362
347.783,0.0234592
351.117,0.0235566
354.451,0.0236544
357.786,0.0237525
361.12,0.0238509
364.455,0.0239496
367.789,0.0240486
371.124,0.024148
374.458,0.0242476
377.793,0.0243476
381.127,0.0244478
384.461,0.0245484
387.796,0.0246493
391.13,0.0247505
394.465,0.0248519
397.799,0.0249537
401.134,0.0250558
404.468,0.0251582
407.803,0.0252609
411.137,0.0253638
414.471,0.0254671
417.806,0.0255707
421.14,0.0256745
424.475,0.0257787
427.809,0.0258831
431.144,0.0259878
434.478,0.0260929
437.813,0.0261982
441.147,0.0263037
444.481,0.0264096
447.816,0.0265158
451.15,0.0266222
454.485,0.0267289
457.819,0.0268359
461.154,0.0269431
464.488,0.0270506
467.823,0.0271584
471.157,0.0272665
474.491,0.0273748
477.826,0.0274834
481.16,0.0275923
484.495,0.0277014
487.829,0.0278108
491.164,0.0279204
494.498,0.0280303
497.833,0.0281405
501.167,0.0282509
504.502,0.0283615
507.836,0.0284724
511.17,0.0285835
514.505,0.0286949
517.839,0.0288065
521.174,0.0289184
524.508,0.0290305
527.843,0.0291428
531.177,0.0292554
534.512,0.0293682
537.846,0.0294812
541.18,0.0295944
544.515,0.0297079
547.849,0.0298216
551.184,0.0299355
554.518,0.0300496
557.853,0.0301639
561.187,0.0302784
564.522,0.0303932
567.856,0.0305081
571.19,0.0306233
574.525,0.0307386
577.859,0.0308542
581.194,0.0309699
584.528,0.0310858
587.863,0.031202
591.197,0.0313183
594.532,0.0314347
597.866,0.0315514
601.2,0.0316683
604.535,0.0317853
607.869,0.0319025
611.204,0.0320199
614.538,0.0321374
617.873,0.0322551
621.207,0.0323729
624.542,0.0324909
627.876,0.0326091
631.21,0.0327274
634.545,0.0328459
637.879,0.0329645
641.214,0.0330833
644.548,0.0332022
647.883,0.0333212
651.217,0.0334404
654.552,0.0335597
657.886,0.0336791
661.22,0.0337987
664.555,0.0339184
667.889,0.0340381
671.224,0.0341581
674.558,0.0342781
677.893,0.0343982
681.227,0.0345185
684.562,0.0346388
687.896,0.0347592
691.23,0.0348798
694.565,0.0350004
697.899,0.0351211
701.234,0.035242
704.568,0.0353629
707.903,0.0354838
711.237,0.0356049
714.572,0.035726
717.906,0.0358472
721.24,0.0359685
724.575,0.0360898
727.909,0.0362112
731.244,0.0363327
734.578,0.0364542
737.913,0.0365758
741.247,0.0366974
744.582,0.0368191
747.916,0.0369408
751.25,0.0370625
754.585,0.0371843
757.919,0.0373061
761.254,0.0374279
764.588,0.0375498
767.923,0.0376717
771.257,0.0377936
774.592,0.0379156
777.926,0.0380375
781.26,0.0381595
784.595,0.0382814
787.929,0.0384034
791.264,0.0385254
794.598,0.0386473
797.933,0.0387693
801.267,0.0388913
804.602,0.0390132
807.936,0.0391352
811.27,0.0392571
814.605,0.039379
817.939,0.0395009
821.274,0.0396227
824.608,0.0397445
827.943,0.0398663
831.277,0.0399881
834.612,0.0401098
837.946,0.0402315
841.28,0.0403531
844.615,0.0404747
847.949,0.0405962
851.284,0.0407177
854.618,0.0408391
857.953,0.0409605
861.287,0.0410818
864.622,0.0412031
867.956,0.0413243
871.29,0.0414454
874.625,0.0415664
877.959,0.0416874
881.294,0.0418083
884.628,0.0419291
887.963,0.0420498
891.297,0.0421704
894.632,0.042291
897.966,0.0424114
901.3,0.0425318
904.635,0.0426521
907.969,0.0427723
911.304,0.0428923
914.638,0.0430123
917.973,0.0431322
921.307,0.0432519
924.642,0.0433716
927.976,0.0434911
931.31,0.0436105
934.645,0.0437298
937.979,0.043849
941.314,0.0439681
944.648,0.044087
947.983,0.0442058
951.317,0.0443245
954.652,0.0444431
957.986,0.0445615
961.32,0.0446798
964.655,0.0447979
967.989,0.0449159
971.324,0.0450338
974.658,0.0451515
977.993,0.0452691
981.327,0.0453866
984.662,0.0455039
987.996,0.045621
991.33,0.045738
994.665,0.0458549
997.999,0.0459715
1001.33,0.0460881
1004.67,0.0462044
1008,0.0463207
1011.34,0.0464367
1014.67,0.0465526
1018.01,0.0466683
1021.34,0.0467839
1024.67,0.0468993
1028.01,0.0470145
1031.34,0.0471296
1034.68,0.0472444
1038.01,0.0473591
1041.35,0.0474737
1044.68,0.0475881
1048.02,0.0477022
1051.35,0.0478163
1054.68,0.0479301
1058.02,0.0480437
1061.35,0.0481572
1064.69,0.0482705
1068.02,0.0483836
1071.36,0.0484966
1074.69,0.0486093
1078.03,0.0487219
1081.36,0.0488343
1084.69,0.0489465
1088.03,0.0490585
1091.36,0.0491703
1094.7,0.0492819
1098.03,0.0493934
1101.37,0.0495046
1104.7,0.0496157
1108.04,0.0497266
1111.37,0.0498373
1114.7,0.0499477
1118.04,0.0500581
1121.37,0.0501682
1124.71,0.0502781
1128.04,0.0503878
1131.38,0.0504974
1134.71,0.0506067
1138.05,0.0507159
1141.38,0.0508248
1144.71,0.0509336
1148.05,0.0510422
1151.38,0.0511505
1154.72,0.0512587
1158.05,0.0513667
1161.39,0.0514745
1164.72,0.0515822
1168.06,0.0516896
1171.39,0.0517968
1174.72,0.0519039
1178.06,0.0520107
1181.39,0.0521174
1184.73,0.0522238
1188.06,0.0523301
1191.4,0.0524362
1194.73,0.0525421
1198.07,0.0526478
1201.4,0.0527533
1204.73,0.0528586
1208.07,0.0529638
1211.4,0.0530688
1214.74,0.0531735
1218.07,0.0532781
1221.41,0.0533825
1224.74,0.0534868
1228.08,0.0535908
1231.41,0.0536947
1234.74,0.0537983
1238.08,0.0539018
1241.41,0.0540052
1244.75,0.0541083
1248.08,0.0542113
1251.42,0.0543141
1254.75,0.0544167
1258.09,0.0545192
1261.42,0.0546214
1264.75,0.0547235
1268.09,0.0548255
1271.42,0.0549272
1274.76,0.0550288
1278.09,0.0551303
1281.43,0.0552316
1284.76,0.0553327
1288.1,0.0554336
1291.43,0.0555344
1294.76,0.0556351
1298.1,0.0557355
1301.43,0.0558359
1304.77,0.055936
1308.1,0.0560361
1311.44,0.0561359
1314.77,0.0562356
1318.11,0.0563352
1321.44,0.0564347
1324.77,0.056534
1328.11,0.0566331
1331.44,0.0567321
1334.78,0.056831
1338.11,0.0569297
1341.45,0.0570284
1344.78,0.0571268
1348.12,0.0572252
1351.45,0.0573234
1354.78,0.0574215
1358.12,0.0575195
1361.45,0.0576174
1364.79,0.0577151
1368.12,0.0578127
1371.46,0.0579102
1374.79,0.0580076
1378.13,0.0581049
1381.46,0.0582021
1384.79,0.0582992
1388.13,0.0583962
1391.46,0.0584931
1394.8,0.0585899
1398.13,0.0586866
1401.47,0.0587832
1404.8,0.0588797
1408.14,0.0589762
1411.47,0.0590725
1414.8,0.0591688
1418.14,0.059265
1421.47,0.0593611
1424.81,0.0594572
1428.14,0.0595532
1431.48,0.0596491
1434.81,0.0597449
1438.15,0.0598407
1441.48,0.0599365
1444.81,0.0600322
1448.15,0.0601278
1451.48,0.0602234
1454.82,0.0603189
1458.15,0.0604144
1461.49,0.0605099
1464.82,0.0606053
1468.16,0.0607007
1471.49,0.0607961
1474.82,0.0608915
1478.16,0.0609868
1481.49,0.0610821
1484.83,0.0611774
1488.16,0.0612727
1491.5,0.0613679
1494.83,0.0614632
1498.17,0.0615585
1501.5,0.0616537
1504.83,0.061749
1508.17,0.0618443
1511.5,0.0619396
1514.84,0.0620349
1518.17,0.0621302
1521.51,0.0622256
1524.84,0.062321
1528.18,0.0624164
1531.51,0.0625118
1534.84,0.0626073
1538.18,0.0627029
1541.51,0.0627985
1544.85,0.0628941
1548.18,0.0629898
1551.52,0.0630856
1554.85,0.0631814
1558.19,0.0632773
1561.52,0.0633732
1564.85,0.0634693
1568.19,0.0635654
1571.52,0.0636616
1574.86,0.0637579
1578.19,0.0638543
1581.53,0.0639508
1584.86,0.0640474
1588.2,0.0641441
1591.53,0.0642409
1594.86,0.0643378
1598.2,0.0644348
1601.53,0.064532
1604.87,0.0646293
1608.2,0.0647267
1611.54,0.0648243
1614.87,0.064922
1618.21,0.0650199
1621.54,0.0651179
1624.87,0.0652161
1628.21,0.0653144
1631.54,0.065413
1634.88,0.0655116
1638.21,0.0656105
1641.55,0.0657096
1644.88,0.0658088
1648.22,0.0659082
1651.55,0.0660079
1654.88,0.0661077
1658.22,0.0662077
1661.55,0.066308
1664.89,0.0664085
1668.22,0.0665092
1671.56,0.0666101
1674.89,0.0667113
1678.23,0.0668127
1681.56,0.0669144
1684.89,0.0670163
1688.23,0.0671185
1691.56,0.0672209
1694.9,0.0673236
1698.23,0.0674266
1701.57,0.0675299
1704.9,0.0676334
1708.24,0.0677373
1711.57,0.0678414
1714.9,0.0679459
1718.24,0.0680506
1721.57,0.0681557
1724.91,0.0682611
1728.24,0.0683669
1731.58,0.0684729
1734.91,0.0685793
1738.25,0.0686861
1741.58,0.0687932
1744.91,0.0689007
1748.25,0.0690086
1751.58,0.0691168
1754.92,0.0692254
1758.25,0.0693344
1761.59,0.0694438
1764.92,0.0695536
1768.26,0.0696638
1771.59,0.0697744
1774.92,0.0698854
1778.26,0.0699969
1781.59,0.0701088
1784.93,0.0702211
1788.26,0.0703339
1791.6,0.0704472
1794.93,0.0705609
1798.27,0.0706751
1801.6,0.0707898
1804.93,0.0709049
1808.27,0.0710206
1811.6,0.0711367
1814.94,0.0712534
1818.27,0.0713706
1821.61,0.0714883
1824.94,0.0716065
1828.28,0.0717253
1831.61,0.0718446
1834.94,0.0719644
1838.28,0.0720849
1841.61,0.0722059
1844.95,0.0723275
1848.28,0.0724496
1851.62,0.0725724
1854.95,0.0726958
1858.29,0.0728198
1861.62,0.0729444
1864.95,0.0730696
1868.29,0.0731955
1871.62,0.073322
1874.96,0.0734492
1878.29,0.073577
1881.63,0.0737055
1884.96,0.0738347
1888.3,0.0739646
1891.63,0.0740952
1894.96,0.0742265
1898.3,0.0743585
1901.63,0.0744912
1904.97,0.0746247
1908.3,0.0747589
1911.64,0.0748938
1914.97,0.0750296
1918.31,0.0751661
1921.64,0.0753034
1924.97,0.0754414
1928.31,0.0755803
1931.64,0.07572
1934.98,0.0758605
1938.31,0.0760019
1941.65,0.076144
1944.98,0.0762871
1948.32,0.076431
1951.65,0.0765757
1954.98,0.0767214
1958.32,0.0768679
1961.65,0.0770154
1964.99,0.0771638
1968.32,0.077313
1971.66,0.0774633
1974.99,0.0776144
1978.33,0.0777666
1981.66,0.0779196
1984.99,0.0780737
1988.33,0.0782288
1991.66,0.0783848
1995,0.0785419
1998.33,0.0787
2001.67,0.0788591
2005,0.0790193
2008.34,0.0791806
2011.67,0.0793429
2015.01,0.0795063
2018.34,0.0796707
2021.67,0.0798363
2025.01,0.080003
2028.34,0.0801709
2031.68,0.0803398
2035.01,0.08051
2038.35,0.0806813
2041.68,0.0808537
2045.02,0.0810274
2048.35,0.0812023
2051.68,0.0813784
2055.02,0.0815557
2058.35,0.0817342
2061.69,0.081914
2065.02,0.0820951
2068.36,0.0822775
2071.69,0.0824612
2075.03,0.0826461
2078.36,0.0828324
2081.69,0.08302
2085.03,0.083209
2088.36,0.0833993
2091.7,0.083591
2095.03,0.0837841
2098.37,0.0839787
2101.7,0.0841746
2105.04,0.0843719
2108.37,0.0845707
2111.7,0.084771
2115.04,0.0849727
2118.37,0.085176
2121.71,0.0853807
2125.04,0.085587
2128.38,0.0857948
2131.71,0.0860041
2135.05,0.086215
2138.38,0.0864275
2141.71,0.0866416
2145.05,0.0868573
2148.38,0.0870746
2151.72,0.0872936
2155.05,0.0875142
2158.39,0.0877365
2161.72,0.0879605
2165.06,0.0881862
2168.39,0.0884137
2171.72,0.0886428
2175.06,0.0888738
2178.39,0.0891065
2181.73,0.0893409
2185.06,0.0895772
2188.4,0.0898154
2191.73,0.0900553
2195.07,0.0902971
2198.4,0.0905408
2201.73,0.0907864
2205.07,0.0910339
2208.4,0.0912833
2211.74,0.0915347
2215.07,0.091788
2218.41,0.0920433
2221.74,0.0923006
2225.08,0.09256
2228.41,0.0928213
2231.74,0.0930847
2235.08,0.0933502
2238.41,0.0936178
2241.75,0.0938875
2245.08,0.0941594
2248.42,0.0944333
2251.75,0.0947095
2255.09,0.0949878
2258.42,0.0952684
2261.75,0.0955512
2265.09,0.0958362
2268.42,0.0961235
2271.76,0.0964131
2275.09,0.096705
2278.43,0.0969992
2281.76,0.0972958
2285.1,0.0975947
2288.43,0.0978961
2291.76,0.0981999
2295.1,0.0985061
2298.43,0.0988147
2301.77,0.0991258
2305.1,0.0994395
2308.44,0.0997556
2311.77,0.100074
2315.11,0.100396
2318.44,0.100719
2321.77,0.101046
2325.11,0.101375
2328.44,0.101707
2331.78,0.102041
2335.11,0.102378
2338.45,0.102718
2341.78,0.103061
2345.12,0.103406
2348.45,0.103755
2351.78,0.104106
2355.12,0.10446
2358.45,0.104816
2361.79,0.105176
2365.12,0.105539
2368.46,0.105904
2371.79,0.106273
2375.13,0.106644
2378.46,0.107019
2381.79,0.107397
2385.13,0.107777
2388.46,0.108161
2391.8,0.108548
2395.13,0.108938
2398.47,0.109332
2401.8,0.109728
2405.14,0.110128
2408.47,0.110531
2411.8,0.110938
2415.14,0.111347
2418.47,0.11176
2421.81,0.112177
2425.14,0.112597
2428.48,0.11302
2431.81,0.113447
2435.15,0.113878
2438.48,0.114312
2441.81,0.114749
2445.15,0.11519
2448.48,0.115635
2451.82,0.116084
2455.15,0.116536
2458.49,0.116992
2461.82,0.117452
2465.16,0.117915
2468.49,0.118382
2471.82,0.118854
2475.16,0.119329
2478.49,0.119808
2481.83,0.120291
2485.16,0.120778
2488.5,0.12127
2491.83,0.121765
2495.17,0.122265
2498.5,0.122768
2501.83,0.123276
2505.17,0.123788
2508.5,0.124305
2511.84,0.124825
2515.17,0.125351
2518.51,0.12588
2521.84,0.126414
2525.18,0.126953
2528.51,0.127496
2531.84,0.128044
2535.18,0.128596
2538.51,0.129153
2541.85,0.129715
2545.18,0.130281
2548.52,0.130852
2551.85,0.131429
2555.19,0.13201
2558.52,0.132596
2561.85,0.133187
2565.19,0.133783
2568.52,0.134384
2571.86,0.13499
2575.19,0.135602
2578.53,0.136218
2581.86,0.136841
2585.2,0.137468
2588.53,0.138101
2591.86,0.138739
2595.2,0.139383
2598.53,0.140032
2601.87,0.140687
2605.2,0.141348
2608.54,0.142014
2611.87,0.142687
2615.21,0.143365
2618.54,0.144049
2621.87,0.144738
2625.21,0.145434
2628.54,0.146136
2631.88,0.146845
2635.21,0.147559
2638.55,0.14828
2641.88,0.149007
2645.22,0.14974
2648.55,0.15048
2651.88,0.151226
2655.22,0.151979
2658.55,0.152738
2661.89,0.153504
2665.22,0.154277
2668.56,0.155057
2671.89,0.155844
2675.23,0.156637
2678.56,0.157438
2681.89,0.158246
2685.23,0.15906
2688.56,0.159882
2691.9,0.160711
2695.23,0.161548
2698.57,0.162392
2701.9,0.163243
2705.24,0.164102
2708.57,0.164968
2711.9,0.165842
2715.24,0.166724
2718.57,0.167613
2721.91,0.16851
2725.24,0.169415
2728.58,0.170328
2731.91,0.171249
2735.25,0.172177
2738.58,0.173114
2741.91,0.174059
2745.25,0.175011
2748.58,0.175972
2751.92,0.176941
2755.25,0.177919
2758.59,0.178904
2761.92,0.179898
2765.26,0.1809
2768.59,0.18191
2771.92,0.182928
2775.26,0.183955
2778.59,0.18499
2781.93,0.186034
2785.26,0.187085
2788.6,0.188145
2791.93,0.189213
2795.27,0.190289
2798.6,0.191374
2801.93,0.192467
2805.27,0.193567
2808.6,0.194676
2811.94,0.195793
2815.27,0.196917
2818.61,0.198049
2821.94,0.199189
2825.28,0.200337
2828.61,0.201492
2831.94,0.202654
2835.28,0.203824
2838.61,0.205
2841.95,0.206184
2845.28,0.207374
2848.62,0.20857
2851.95,0.209773
2855.29,0.210982
2858.62,0.212197
2861.95,0.213417
2865.29,0.214643
2868.62,0.215874
2871.96,0.21711
2875.29,0.218349
2878.63,0.219593
2881.96,0.220841
2885.3,0.222092
2888.63,0.223346
2891.96,0.224603
2895.3,0.225862
2898.63,0.227122
2901.97,0.228384
2905.3,0.229647
2908.64,0.23091
2911.97,0.232172
2915.31,0.233434
2918.64,0.234694
2921.97,0.235952
2925.31,0.237208
2928.64,0.238461
2931.98,0.23971
2935.31,0.240954
2938.65,0.242193
2941.98,0.243426
2945.32,0.244653
2948.65,0.245873
2951.98,0.247084
2955.32,0.248287
2958.65,0.24948
2961.99,0.250663
2965.32,0.251834
2968.66,0.252994
2971.99,0.254141
2975.33,0.255274
2978.66,0.256393
2981.99,0.257497
2985.33,0.258585
2988.66,0.259655
2992,0.260708
2995.33,0.261742
2998.67,0.262756
3002,0.263751
3005.34,0.264723
3008.67,0.265674
3012,0.266602
3015.34,0.267506
3018.67,0.268385
3022.01,0.269239
3025.34,0.270066
3028.68,0.270867
3032.01,0.27164
3035.35,0.272384
3038.68,0.273098
3042.01,0.273783
3045.35,0.274436
3048.68,0.275059
3052.02,0.275649
3055.35,0.276206
3058.69,0.276729
3062.02,0.277219
3065.36,0.277673
3068.69,0.278093
3072.02,0.278477
3075.36,0.278824
3078.69,0.279135
3082.03,0.279409
3085.36,0.279645
3088.7,0.279843
3092.03,0.280002
3095.37,0.280123
3098.7,0.280205
3102.03,0.280248
3105.37,0.280252
3108.7,0.280216
3112.04,0.28014
3115.37,0.280025
3118.71,0.279869
3122.04,0.279673
3125.38,0.279438
3128.71,0.279162
3132.04,0.278847
3135.38,0.278491
3138.71,0.278096
3142.05,0.277662
3145.38,0.277187
3148.72,0.276674
3152.05,0.276122
3155.39,0.275531
3158.72,0.274902
3162.05,0.274235
3165.39,0.273531
3168.72,0.272789
3172.06,0.272011
3175.39,0.271196
3178.73,0.270346
3182.06,0.26946
3185.4,0.26854
3188.73,0.267586
3192.06,0.266599
3195.4,0.265578
3198.73,0.264526
3202.07,0.263442
3205.4,0.262328
3208.74,0.261184
3212.07,0.26001
3215.41,0.258809
3218.74,0.257579
3222.07,0.256323
3225.41,0.255041
3228.74,0.253734
3232.08,0.252402
3235.41,0.251047
3238.75,0.24967
3242.08,0.248271
3245.42,0.246851
3248.75,0.245412
3252.08,0.243953
3255.42,0.242477
3258.75,0.240983
3262.09,0.239474
3265.42,0.237948
3268.76,0.236409
3272.09,0.234856
3275.43,0.23329
3278.76,0.231713
3282.09,0.230125
3285.43,0.228526
3288.76,0.226919
3292.1,0.225303
3295.43,0.22368
3298.77,0.222051
3302.1,0.220415
3305.44,0.218775
3308.77,0.21713
3312.1,0.215481
3315.44,0.21383
3318.77,0.212177
3322.11,0.210523
3325.44,0.208868
3328.78,0.207212
3332.11,0.205558
3335.45,0.203905
3338.78,0.202253
3342.11,0.200604
3345.45,0.198959
3348.78,0.197316
3352.12,0.195678
3355.45,0.194045
3358.79,0.192416
3362.12,0.190793
3365.46,0.189176
3368.79,0.187565
3372.12,0.185962
3375.46,0.184365
3378.79,0.182776
3382.13,0.181195
3385.46,0.179621
3388.8,0.178057
3392.13,0.176501
3395.47,0.174955
3398.8,0.173417
3402.13,0.171889
3405.47,0.170372
3408.8,0.168864
3412.14,0.167366
3415.47,0.165878
3418.81,0.164402
3422.14,0.162936
3425.48,0.16148
3428.81,0.160036
3432.14,0.158603
3435.48,0.157181
3438.81,0.15577
3442.15,0.15437
3445.48,0.152982
3448.82,0.151606
3452.15,0.150241
3455.49,0.148888
3458.82,0.147546
3462.15,0.146216
3465.49,0.144897
3468.82,0.14359
3472.16,0.142295
3475.49,0.141012
3478.83,0.13974
3482.16,0.13848
3485.5,0.137232
3488.83,0.135995
3492.16,0.13477
3495.5,0.133556
3498.83,0.132354
3502.17,0.131163
3505.5,0.129984
3508.84,0.128816
3512.17,0.127659
3515.51,0.126514
3518.84,0.12538
3522.17,0.124257
3525.51,0.123145
3528.84,0.122044
3532.18,0.120954
3535.51,0.119875
3538.85,0.118806
3542.18,0.117749
3545.52,0.116701
3548.85,0.115665
3552.18,0.114639
3555.52,0.113623
3558.85,0.112618
3562.19,0.111622
3565.52,0.110637
3568.86,0.109662
3572.19,0.108697
3575.53,0.107742
3578.86,0.106796
3582.19,0.10586
3585.53,0.104934
3588.86,0.104017
3592.2,0.10311
3595.53,0.102212
3598.87,0.101323
3602.2,0.100443
3605.54,0.0995725
3608.87,0.0987108
3612.2,0.097858
3615.54,0.0970139
3618.87,0.0961786
3622.21,0.0953518
3625.54,0.0945336
3628.88,0.0937238
3632.21,0.0929223
3635.55,0.0921291
3638.88,0.0913441
3642.21,0.0905671
3645.55,0.0897981
3648.88,0.0890371
3652.22,0.0882838
3655.55,0.0875383
3658.89,0.0868004
3662.22,0.0860702
3665.56,0.0853474
3668.89,0.084632
3672.22,0.0839239
3675.56,0.0832231
3678.89,0.0825295
3682.23,0.0818429
3685.56,0.0811633
3688.9,0.0804907
3692.23,0.079825
3695.57,0.079166
3698.9,0.0785137
3702.23,0.0778681
3705.57,0.077229
3708.9,0.0765964
3712.24,0.0759702
3715.57,0.0753503
3718.91,0.0747367
3722.24,0.0741293
3725.58,0.073528
3728.91,0.0729328
3732.24,0.0723436
3735.58,0.0717603
3738.91,0.0711829
3742.25,0.0706112
3745.58,0.0700453
3748.92,0.069485
3752.25,0.0689303
3755.59,0.0683812
3758.92,0.0678375
3762.25,0.0672992
3765.59,0.0667663
3768.92,0.0662387
3772.26,0.0657163
3775.59,0.0651991
3778.93,0.0646869
3782.26,0.0641799
3785.6,0.0636778
3788.93,0.0631806
3792.26,0.0626884
3795.6,0.062201
3798.93,0.0617183
3802.27,0.0612404
3805.6,0.0607671
3808.94,0.0602985
3812.27,0.0598344
3815.61,0.0593748
3818.94,0.0589197
3822.27,0.058469
3825.61,0.0580226
3828.94,0.0575806
3832.28,0.0571428
3835.61,0.0567093
3838.95,0.0562799
3842.28,0.0558547
3845.62,0.0554335
3848.95,0.0550163
3852.28,0.0546032
3855.62,0.0541939
3858.95,0.0537886
3862.29,0.0533871
3865.62,0.0529895
3868.96,0.0525956
3872.29,0.0522054
3875.63,0.051819
3878.96,0.0514361
3882.29,0.0510569
3885.63,0.0506813
3888.96,0.0503091
3892.3,0.0499405
3895.63,0.0495753
3898.97,0.0492135
3902.3,0.0488551
3905.64,0.0485
3908.97,0.0481482
3912.3,0.0477997
3915.64,0.0474545
3918.97,0.0471124
3922.31,0.0467734
3925.64,0.0464376
3928.98,0.0461049
3932.31,0.0457753
3935.65,0.0454486
3938.98,0.045125
3942.31,0.0448043
3945.65,0.0444865
3948.98,0.0441717
3952.32,0.0438596
3955.65,0.0435505
3958.99,0.0432441
3962.32,0.0429405
3965.66,0.0426396
3968.99,0.0423415
3972.32,0.042046
3975.66,0.0417532
3978.99,0.0414631
3982.33,0.0411755
3985.66,0.0408905
3989,0.040608
3992.33,0.040328
3995.67,0.0400506
3999,0.0397756
4002.33,0.039503
4005.67,0.0392329
4009,0.0389651
4012.34,0.0386997
4015.67,0.0384366
4019.01,0.0381759
4022.34,0.0379174
4025.68,0.0376612
4029.01,0.0374073
4032.34,0.0371555
4035.68,0.036906
4039.01,0.0366586
4042.35,0.0364134
4045.68,0.0361702
4049.02,0.0359292
4052.35,0.0356903
4055.69,0.0354535
4059.02,0.0352186
4062.35,0.0349858
4065.69,0.034755
4069.02,0.0345262
4072.36,0.0342993
4075.69,0.0340744
4079.03,0.0338513
4082.36,0.0336302
4085.7,0.033411
4089.03,0.0331936
4092.36,0.032978
4095.7,0.0327643
4099.03,0.0325524
4102.37,0.0323422
4105.7,0.0321338
4109.04,0.0319272
4112.37,0.0317223
4115.71,0.0315191
4119.04,0.0313176
4122.37,0.0311178
4125.71,0.0309197
4129.04,0.0307231
4132.38,0.0305283
4135.71,0.030335
4139.05,0.0301433
4142.38,0.0299532
4145.72,0.0297647
4149.05,0.0295777
4152.38,0.0293923
4155.72,0.0292084
4159.05,0.029026
4162.39,0.028845
4165.72,0.0286656
4169.06,0.0284876
4172.39,0.028311
4175.73,0.0281359
4179.06,0.0279622
4182.39,0.0277899
4185.73,0.027619
4189.06,0.0274494
4192.4,0.0272813
4195.73,0.0271144
4199.07,0.0269489
4202.4,0.0267848
4205.74,0.0266219
4209.07,0.0264604
4212.4,0.0263001
4215.74,0.0261411
4219.07,0.0259833
4222.41,0.0258269
4225.74,0.0256716
4229.08,0.0255176
4232.41,0.0253647
4235.75,0.0252131
4239.08,0.0250627
4242.41,0.0249135
4245.75,0.0247654
4249.08,0.0246184
4252.42,0.0244727
4255.75,0.024328
4259.09,0.0241845
4262.42,0.0240421
4265.76,0.0239008
4269.09,0.0237605
4272.42,0.0236214
4275.76,0.0234834
4279.09,0.0233463
4282.43,0.0232104
4285.76,0.0230755
4289.1,0.0229416
4292.43,0.0228088
4295.77,0.0226769
4299.1,0.0225461
4302.43,0.0224162
4305.77,0.0222874
4309.1,0.0221595
4312.44,0.0220326
4315.77,0.0219066
4319.11,0.0217816
4322.44,0.0216575
4325.78,0.0215344
4329.11,0.0214122
4332.44,0.0212909
4335.78,0.0211705
4339.11,0.021051
4342.45,0.0209324
4345.78,0.0208147
4349.12,0.0206978
4352.45,0.0205818
4355.79,0.0204667
4359.12,0.0203524
4362.45,0.020239
4365.79,0.0201264
4369.12,0.0200146
4372.46,0.0199037
4375.79,0.0197936
4379.13,0.0196842
4382.46,0.0195757
4385.8,0.019468
4389.13,0.019361
4392.46,0.0192548
4395.8,0.0191494
4399.13,0.0190448
4402.47,0.0189409
4405.8,0.0188377
4409.14,0.0187353
4412.47,0.0186337
4415.81,0.0185327
4419.14,0.0184325
4422.47,0.018333
4425.81,0.0182343
4429.14,0.0181362
4432.48,0.0180388
4435.81,0.0179421
4439.15,0.0178461
4442.48,0.0177508
4445.82,0.0176562
4449.15,0.0175622
4452.48,0.0174689
4455.82,0.0173762
4459.15,0.0172842
4462.49,0.0171929
4465.82,0.0171022
4469.16,0.0170121
4472.49,0.0169226
4475.83,0.0168338
4479.16,0.0167456
4482.49,0.016658
4485.83,0.016571
4489.16,0.0164846
4492.5,0.0163988
4495.83,0.0163136
4499.17,0.016229
4502.5,0.016145
4505.84,0.0160616
4509.17,0.0159787
4512.5,0.0158964
4515.84,0.0158146
4519.17,0.0157334
4522.51,0.0156528
4525.84,0.0155727
4529.18,0.0154932
4532.51,0.0154142
4535.85,0.0153357
4539.18,0.0152578
4542.51,0.0151804
4545.85,0.0151035
4549.18,0.0150271
4552.52,0.0149513
4555.85,0.014876
4559.19,0.0148011
4562.52,0.0147268
4565.86,0.0146529
4569.19,0.0145796
4572.52,0.0145067
4575.86,0.0144344
4579.19,0.0143625
4582.53,0.014291
4585.86,0.0142201
4589.2,0.0141496
4592.53,0.0140796
4595.87,0.0140101
4599.2,0.013941
4602.53,0.0138723
4605.87,0.0138041
4609.2,0.0137364
4612.54,0.0136691
4615.87,0.0136022
4619.21,0.0135358
4622.54,0.0134698
4625.88,0.0134043
4629.21,0.0133391
4632.54,0.0132744
4635.88,0.0132101
4639.21,0.0131462
4642.55,0.0130828
4645.88,0.0130197
4649.22,0.012957
4652.55,0.0128948
4655.89,0.0128329
4659.22,0.0127715
4662.55,0.0127104
4665.89,0.0126497
4669.22,0.0125894
4672.56,0.0125295
4675.89,0.01247
4679.23,0.0124108
4682.56,0.0123521
4685.9,0.0122936
4689.23,0.0122356
4692.56,0.0121779
4695.9,0.0121206
4699.23,0.0120637
4702.57,0.0120071
4705.9,0.0119509
4709.24,0.011895
4712.57,0.0118394
4715.91,0.0117842
4719.24,0.0117294
4722.57,0.0116749
4725.91,0.0116207
4729.24,0.0115669
4732.58,0.0115134
4735.91,0.0114602
4739.25,0.0114074
4742.58,0.0113549
4745.92,0.0113027
4749.25,0.0112508
4752.58,0.0111992
4755.92,0.011148
4759.25,0.0110971
4762.59,0.0110465
4765.92,0.0109962
4769.26,0.0109462
4772.59,0.0108965
4775.93,0.0108471
4779.26,0.010798
4782.59,0.0107492
4785.93,0.0107007
4789.26,0.0106525
4792.6,0.0106046
4795.93,0.0105569
4799.27,0.0105096
4802.6,0.0104625
4805.94,0.0104157
4809.27,0.0103692
4812.6,0.010323
4815.94,0.0102771
4819.27,0.0102314
4822.61,0.010186
4825.94,0.0101409
4829.28,0.010096
4832.61,0.0100514
4835.95,0.0100071
4839.28,0.00996301
4842.61,0.0099192
4845.95,0.00987564
4849.28,0.00983234
4852.62,0.0097893
4855.95,0.00974651
4859.29,0.00970397
4862.62,0.00966167
4865.96,0.00961963
4869.29,0.00957782
4872.62,0.00953627
4875.96,0.00949495
4879.29,0.00945387
4882.63,0.00941303
4885.96,0.00937243
4889.3,0.00933206
4892.63,0.00929193
4895.97,0.00925202
4899.3,0.00921235
4902.63,0.0091729
4905.97,0.00913368
4909.3,0.00909469
4912.64,0.00905591
4915.97,0.00901736
4919.31,0.00897903
4922.64,0.00894092
4925.98,0.00890302
4929.31,0.00886534
4932.64,0.00882787
4935.98,0.00879062
4939.31,0.00875357
4942.65,0.00871674
4945.98,0.00868011
4949.32,0.00864369
4952.65,0.00860748
4955.99,0.00857146
4959.32,0.00853565
4962.65,0.00850004
4965.99,0.00846463
4969.32,0.00842942
4972.66,0.0083944
4975.99,0.00835958
4979.33,0.00832495
4982.66,0.00829052
4986,0.00825627
4989.33,0.00822222
4992.66,0.00818835
4996,0.00815467
4999.33,0.00812118
5002.67,0.00808787
5006,0.00805474
5009.34,0.0080218
5012.67,0.00798904
5016.01,0.00795645
5019.34,0.00792405
5022.67,0.00789182
5026.01,0.00785977
5029.34,0.00782789
5032.68,0.00779619
5036.01,0.00776465
5039.35,0.00773329
5042.68,0.0077021
5046.02,0.00767108
5049.35,0.00764023
5052.68,0.00760954
5056.02,0.00757902
5059.35,0.00754866
5062.69,0.00751846
5066.02,0.00748843
5069.36,0.00745856
5072.69,0.00742885
5076.03,0.00739929
5079.36,0.0073699
5082.69,0.00734066
5086.03,0.00731158
5089.36,0.00728265
5092.7,0.00725388
5096.03,0.00722525
5099.37,0.00719678
5102.7,0.00716847
5106.04,0.0071403
5109.37,0.00711227
5112.7,0.0070844
5116.04,0.00705667
5119.37,0.00702909
5122.71,0.00700166
5126.04,0.00697437
5129.38,0.00694722
5132.71,0.00692021
5136.05,0.00689334
5139.38,0.00686662
5142.71,0.00684003
5146.05,0.00681358
5149.38,0.00678727
5152.72,0.00676109
5156.05,0.00673505
5159.39,0.00670915
5162.72,0.00668338
5166.06,0.00665774
5169.39,0.00663223
5172.72,0.00660686
5176.06,0.00658161
5179.39,0.0065565
5182.73,0.00653151
5186.06,0.00650666
5189.4,0.00648193
5192.73,0.00645732
5196.07,0.00643284
5199.4,0.00640849
5202.73,0.00638426
5206.07,0.00636015
5209.4,0.00633617
5212.74,0.0063123
5216.07,0.00628856
5219.41,0.00626494
5222.74,0.00624143
5226.08,0.00621805
5229.41,0.00619478
5232.74,0.00617163
5236.08,0.0061486
5239.41,0.00612568
5242.75,0.00610288
5246.08,0.00608019
5249.42,0.00605761
5252.75,0.00603515
5256.09,0.0060128
5259.42,0.00599056
5262.75,0.00596843
5266.09,0.00594641
5269.42,0.0059245
5272.76,0.0059027
5276.09,0.005881
5279.43,0.00585942
5282.76,0.00583794
5286.1,0.00581656
5289.43,0.00579529
5292.76,0.00577413
5296.1,0.00575307
5299.43,0.00573211
5302.77,0.00571126
5306.1,0.0056905
5309.44,0.00566985
5312.77,0.0056493
5316.11,0.00562885
5319.44,0.0056085
5322.77,0.00558825
5326.11,0.00556809
5329.44,0.00554804
5332.78,0.00552808
5336.11,0.00550822
5339.45,0.00548845
5342.78,0.00546878
5346.12,0.00544921
5349.45,0.00542972
5352.78,0.00541034
5356.12,0.00539104
5359.45,0.00537184
5362.79,0.00535273
5366.12,0.00533371
5369.46,0.00531478
5372.79,0.00529595
5376.13,0.0052772
5379.46,0.00525854
5382.79,0.00523997
5386.13,0.00522149
5389.46,0.00520309
5392.8,0.00518479
5396.13,0.00516657
5399.47,0.00514843
5402.8,0.00513038
5406.14,0.00511242
5409.47,0.00509454
5412.8,0.00507675
5416.14,0.00505904
5419.47,0.00504141
5422.81,0.00502386
5426.14,0.0050064
5429.48,0.00498902
5432.81,0.00497172
5436.15,0.0049545
5439.48,0.00493736
5442.81,0.0049203
5446.15,0.00490332
5449.48,0.00488642
5452.82,0.0048696
5456.15,0.00485285
5459.49,0.00483619
5462.82,0.0048196
5466.16,0.00480308
5469.49,0.00478664
5472.82,0.00477028
5476.16,0.004754
5479.49,0.00473778
5482.83,0.00472165
5486.16,0.00470558
5489.5,0.00468959
5492.83,0.00467368
5496.17,0.00465783
5499.5,0.00464206
5502.83,0.00462636
5506.17,0.00461073
5509.5,0.00459517
5512.84,0.00457969
5516.17,0.00456427
5519.51,0.00454892
5522.84,0.00453365
5526.18,0.00451844
5529.51,0.0045033
5532.84,0.00448823
5536.18,0.00447322
5539.51,0.00445829
5542.85,0.00444342
5546.18,0.00442862
5549.52,0.00441388
5552.85,0.00439921
5556.19,0.00438461
5559.52,0.00437007
5562.85,0.00435559
5566.19,0.00434118
5569.52,0.00432684
5572.86,0.00431256
5576.19,0.00429834
5579.53,0.00428418
5582.86,0.00427009
5586.2,0.00425606
5589.53,0.0042421
5592.86,0.00422819
5596.2,0.00421434
5599.53,0.00420056
5602.87,0.00418684
5606.2,0.00417317
5609.54,0.00415957
5612.87,0.00414603
5616.21,0.00413255
5619.54,0.00411912
5622.87,0.00410576
5626.21,0.00409245
5629.54,0.0040792
5632.88,0.00406601
5636.21,0.00405287
5639.55,0.0040398
5642.88,0.00402677
5646.22,0.00401381
5649.55,0.0040009
5652.88,0.00398805
5656.22,0.00397526
5659.55,0.00396251
5662.89,0.00394983
5666.22,0.0039372
5669.56,0.00392462
5672.89,0.0039121
5676.23,0.00389963
5679.56,0.00388721
5682.89,0.00387485
5686.23,0.00386254
5689.56,0.00385028
5692.9,0.00383808
5696.23,0.00382593
5699.57,0.00381383
5702.9,0.00380178
5706.24,0.00378978
5709.57,0.00377783
5712.9,0.00376594
5716.24,0.00375409
5719.57,0.0037423
5722.91,0.00373055
5726.24,0.00371886
5729.58,0.00370721
5732.91,0.00369561
5736.25,0.00368406
5739.58,0.00367256
5742.91,0.00366111
5746.25,0.00364971
5749.58,0.00363835
5752.92,0.00362704
5756.25,0.00361578
5759.59,0.00360457
5762.92,0.0035934
5766.26,0.00358228
5769.59,0.00357121
5772.92,0.00356018
5776.26,0.0035492
5779.59,0.00353826
5782.93,0.00352737
5786.26,0.00351652
5789.6,0.00350572
5792.93,0.00349497
5796.27,0.00348425
5799.6,0.00347359
5802.93,0.00346296
5806.27,0.00345238
5809.6,0.00344185
5812.94,0.00343135
5816.27,0.0034209
5819.61,0.0034105
5822.94,0.00340013
5826.28,0.00338981
5829.61,0.00337953
5832.94,0.00336929
5836.28,0.00335909
5839.61,0.00334894
5842.95,0.00333883
5846.28,0.00332875
5849.62,0.00331872
5852.95,0.00330873
5856.29,0.00329878
5859.62,0.00328887
5862.95,0.003279
5866.29,0.00326917
5869.62,0.00325938
5872.96,0.00324963
5876.29,0.00323992
5879.63,0.00323025
5882.96,0.00322061
5886.3,0.00321102
5889.63,0.00320146
5892.96,0.00319194
5896.3,0.00318246
5899.63,0.00317302
5902.97,0.00316362
5906.3,0.00315425
5909.64,0.00314492
5912.97,0.00313563
5916.31,0.00312637
5919.64,0.00311716
5922.97,0.00310797
5926.31,0.00309883
5929.64,0.00308972
5932.98,0.00308064
5936.31,0.00307161
5939.65,0.00306261
5942.98,0.00305364
5946.32,0.00304471
5949.65,0.00303581
5952.98,0.00302695
5956.32,0.00301813
5959.65,0.00300934
5962.99,0.00300058
5966.32,0.00299186
5969.66,0.00298317
5972.99,0.00297451
5976.33,0.00296589
5979.66,0.00295731
5982.99,0.00294875
5986.33,0.00294023
5989.66,0.00293175
5993,0.00292329
5996.33,0.00291487
5999.67,0.00290648
6003,0.00289813
6006.34,0.0028898
6009.67,0.00288151
6013,0.00287325
6016.34,0.00286503
6019.67,0.00285683
6023.01,0.00284867
6026.34,0.00284053
6029.68,0.00283243
6033.01,0.00282436
6036.35,0.00281632
6039.68,0.00280831
6043.01,0.00280034
6046.35,0.00279239
6049.68,0.00278447
6053.02,0.00277658
6056.35,0.00276873
6059.69,0.0027609
6063.02,0.0027531
6066.36,0.00274534
6069.69,0.0027376
6073.02,0.00272989
6076.36,0.00272221
6079.69,0.00271456
6083.03,0.00270694
6086.36,0.00269935
6089.7,0.00269178
6093.03,0.00268425
6096.37,0.00267674
6099.7,0.00266926
6103.03,0.00266181
6106.37,0.00265439
6109.7,0.002647
6113.04,0.00263963
6116.37,0.00263229
6119.71,0.00262498
6123.04,0.00261769
6126.38,0.00261044
6129.71,0.00260321
6133.04,0.002596
6136.38,0.00258883
6139.71,0.00258168
6143.05,0.00257455
6146.38,0.00256746
6149.72,0.00256039
6153.05,0.00255334
6156.39,0.00254633
6159.72,0.00253933
6163.05,0.00253237
6166.39,0.00252543
6169.72,0.00251851
6173.06,0.00251162
6176.39,0.00250476
6179.73,0.00249792
6183.06,0.00249111
6186.4,0.00248432
6189.73,0.00247756
6193.06,0.00247082
6196.4,0.0024641
6199.73,0.00245741
6203.07,0.00245075
6206.4,0.00244411
6209.74,0.00243749
6213.07,0.0024309
6216.41,0.00242433
6219.74,0.00241779
6223.07,0.00241127
6226.41,0.00240477
6229.74,0.00239829
6233.08,0.00239184
6236.41,0.00238542
6239.75,0.00237901
6243.08,0.00237263
6246.42,0.00236628
6249.75,0.00235994
6253.08,0.00235363
6256.42,0.00234734
6259.75,0.00234108
6263.09,0.00233483
6266.42,0.00232861
6269.76,0.00232241
6273.09,0.00231624
6276.43,0.00231008
6279.76,0.00230395
6283.09,0.00229784
6286.43,0.00229175
6289.76,0.00228568
6293.1,0.00227964
6296.43,0.00227361
6299.77,0.00226761
6303.1,0.00226163
6306.44,0.00225567
6309.77,0.00224973
6313.1,0.00224381
6316.44,0.00223792
6319.77,0.00223204
6323.11,0.00222619
6326.44,0.00222035
6329.78,0.00221454
6333.11,0.00220875
6336.45,0.00220297
6339.78,0.00219722
6343.11,0.00219149
6346.45,0.00218578
6349.78,0.00218008
6353.12,0.00217441
6356.45,0.00216876
6359.79,0.00216313
6363.12,0.00215751
6366.46,0.00215192
6369.79,0.00214635
6373.12,0.00214079
6376.46,0.00213526
6379.79,0.00212974
6383.13,0.00212424
6386.46,0.00211877
6389.8,0.00211331
6393.13,0.00210787
6396.47,0.00210245
6399.8,0.00209705
6403.13,0.00209166
6406.47,0.0020863
6409.8,0.00208095
6413.14,0.00207562
6416.47,0.00207031
6419.81,0.00206502
6423.14,0.00205975
6426.48,0.0020545
6429.81,0.00204926
6433.14,0.00204404
6436.48,0.00203884
6439.81,0.00203366
6443.15,0.00202849
6446.48,0.00202334
6449.82,0.00201821
6453.15,0.0020131
6456.49,0.00200801
6459.82,0.00200293
6463.15,0.00199787
6466.49,0.00199283
6469.82,0.0019878
6473.16,0.00198279
6476.49,0.0019778
6479.83,0.00197282
6483.16,0.00196786
6486.5,0.00196292
6489.83,0.001958
6493.16,0.00195309
6496.5,0.0019482
6499.83,0.00194332
6503.17,0.00193846
6506.5,0.00193362
6509.84,0.0019288
6513.17,0.00192399
6516.51,0.00191919
6519.84,0.00191442
6523.17,0.00190965
6526.51,0.00190491
6529.84,0.00190018
6533.18,0.00189546
6536.51,0.00189077
6539.85,0.00188608
6543.18,0.00188142
6546.52,0.00187676
6549.85,0.00187213
6553.18,0.00186751
6556.52,0.0018629
6559.85,0.00185831
6563.19,0.00185374
6566.52,0.00184918
6569.86,0.00184463
6573.19,0.0018401
6576.53,0.00183559
6579.86,0.00183109
6583.19,0.00182661
6586.53,0.00182214
6589.86,0.00181768
6593.2,0.00181324
6596.53,0.00180881
6599.87,0.0018044
6603.2,0.00180001
6606.54,0.00179562
6609.87,0.00179126
6613.2,0.0017869
6616.54,0.00178256
6619.87,0.00177824
6623.21,0.00177393
6626.54,0.00176963
6629.88,0.00176534
6633.21,0.00176108
6636.55,0.00175682
6639.88,0.00175258
6643.21,0.00174835
6646.55,0.00174414
6649.88,0.00173994
6653.22,0.00173575
6656.55,0.00173158
6659.89,0.00172742
6663.22,0.00172327
6666.56,0.00171914
6669.89,0.00171502
6673.22,0.00171091
6676.56,0.00170682
6679.89,0.00170274
6683.23,0.00169867
6686.56,0.00169462
6689.9,0.00169058
6693.23,0.00168655
6696.57,0.00168254
6699.9,0.00167853
6703.23,0.00167454
6706.57,0.00167057
6709.9,0.0016666
6713.24,0.00166265
6716.57,0.00165871
6719.91,0.00165479
6723.24,0.00165088
6726.58,0.00164697
6729.91,0.00164309
6733.24,0.00163921
6736.58,0.00163535
6739.91,0.00163149
6743.25,0.00162766
6746.58,0.00162383
6749.92,0.00162001
6753.25,0.00161621
6756.59,0.00161242
6759.92,0.00160864
6763.25,0.00160487
6766.59,0.00160112
6769.92,0.00159737
6773.26,0.00159364
6776.59,0.00158992
6779.93,0.00158621
6783.26,0.00158252
6786.6,0.00157883
6789.93,0.00157516
6793.26,0.0015715
6796.6,0.00156785
6799.93,0.00156421
6803.27,0.00156058
6806.6,0.00155696
6809.94,0.00155336
6813.27,0.00154976
6816.61,0.00154618
6819.94,0.00154261
6823.27,0.00153905
6826.61,0.0015355
6829.94,0.00153196
6833.28,0.00152843
6836.61,0.00152492
6839.95,0.00152141
6843.28,0.00151792
6846.62,0.00151443
6849.95,0.00151096
6853.28,0.0015075
6856.62,0.00150404
6859.95,0.0015006
6863.29,0.00149717
6866.62,0.00149375
6869.96,0.00149034
6873.29,0.00148694
6876.63,0.00148356
6879.96,0.00148018
6883.29,0.00147681
6886.63,0.00147345
6889.96,0.0014701
6893.3,0.00146677
6896.63,0.00146344
6899.97,0.00146012
6903.3,0.00145682
6906.64,0.00145352
6909.97,0.00145023
6913.3,0.00144696
6916.64,0.00144369
6919.97,0.00144043
6923.31,0.00143719
6926.64,0.00143395
6929.98,0.00143072
6933.31,0.0014275
6936.65,0.0014243
6939.98,0.0014211
6943.31,0.00141791
6946.65,0.00141473
6949.98,0.00141156
6953.32,0.0014084
6956.65,0.00140525
6959.99,0.00140211
6963.32,0.00139898
6966.66,0.00139586
6969.99,0.00139275
6973.32,0.00138964
6976.66,0.00138655
6979.99,0.00138347
6983.33,0.00138039
6986.66,0.00137732
6990,0.00137427
6993.33,0.00137122
6996.67,0.00136818
7000,0.00136515
